statement_number,title,these,government,opposition,all
1,Ökologische Landwirtschaft,Brandenburg soll vorrangig ökologische Landwirtschaft fördern.,0.0,1.0,0.5
2,Digitale Medien an Grundschulen,Kinder in brandenburgischen Grundschulen sollen verstärkt mit digitalen Medien lernen.,1.0,1.0,1.0
3,Krankenhäuser in öffentlicher Trägerschaft,Mehr Krankenhäuser in Brandenburg sollen in öffentlicher Trägerschaft sein.,1.0,0.5,0.41666666666666663
4,Ausbaustopp für Windkraft,Der Ausbau der Windkraft in Brandenburg soll gestoppt werden.,1.0,0.5,0.75
5,29-€-Ticket,Für die Nutzung des öffentlichen Personennahverkehrs in Brandenburg soll es ein 29-€-Ticket für alle geben.,0.0,1.0,0.5
6,Personenkontrollen an der Grenze,An der Grenze zu Polen sollen weiterhin ständige Personenkontrollen durchgeführt werden.,0.0,1.0,0.5
7,Wiedervernässung trockengelegter Moore,Die Wiedervernässung trockengelegter Moore in Brandenburg soll beschleunigt werden.,0.5,1.0,0.41666666666666663
8,Kosten für Mittagessen an Schulen,An den Kosten für das Mittagessen an brandenburgischen Schulen sollen sich die Eltern weiterhin beteiligen müssen.,0.0,1.0,0.5
9,Bekämpfung des Rechtsextremismus,Das Land Brandenburg soll Projekte zur Bekämpfung des Rechtsextremismus weiterhin fördern.,1.0,1.0,1.0
10,Genehmigung von Bauanträgen,In Brandenburg soll ein Bauantrag auch ohne Entscheidung nach spätestens drei Monaten als genehmigt gelten.,1.0,1.0,1.0
11,Umstieg auf Wasserstoffproduktion,Das Land Brandenburg soll den Umstieg des Raffineriestandorts Schwedt/Oder auf Wasserstoffproduktion fördern.,1.0,1.0,1.0
12,Verbot von Schreibweisen,"In Veröffentlichungen des Landes sollen Schreibweisen, die neben der männlichen und weiblichen auch andere Geschlechtsidentitäten abbilden, verboten werden.",1.0,0.5,0.41666666666666663
13,Tariflöhne,"Aufträge des Landes sollen nur an Unternehmen vergeben werden, die Tariflöhne zahlen.",1.0,1.0,0.33333333333333337
14,Besuch einer NS-Gedenkstätte,Der Besuch einer NS-Gedenkstätte soll an weiterführenden Schulen in Brandenburg verpflichtend werden.,0.5,0.0,0.41666666666666663
15,Absenkung von Umweltstandards,Bei der Ansiedlung von Industrieprojekten sollen Umweltstandards abgesenkt werden können.,1.0,1.0,0.33333333333333337
16,Führungspositionen in Landesbehörden,Führungspositionen in Landesbehörden sollen unabhängig vom Geschlecht besetzt werden.,0.0,1.0,0.5
17,Leistungskürzung beim Bürgergeld,"Empfängerinnen und Empfängern von Bürgergeld, die Jobangebote ablehnen, sollen weiterhin Leistungen gekürzt werden.",0.0,1.0,0.5
18,Vorrang für den Radverkehr,Beim Aus- und Umbau von Straßen soll der Radverkehr Vorrang vor dem Autoverkehr haben.,0.0,1.0,0.5
19,Auflösung des Verfassungsschutzes,Der Verfassungsschutz Brandenburg soll aufgelöst werden.,0.0,1.0,0.5
20,Förderschulen,In Brandenburg sollen mehr Förderschulen eingerichtet werden.,1.0,0.5,0.41666666666666663
21,Rückkauf von Versorgungsbetrieben,"Das Land Brandenburg soll die Kommunen beim Rückkauf von Versorgungsbetrieben (z. B. für Gas, Wasser und Strom) finanziell unterstützen.",0.5,1.0,0.41666666666666663
22,Abschiebungshaft,In Brandenburg sollen abgelehnte Asylbewerberinnen und Asylbewerber in Abschiebungshaft genommen werden.,1.0,1.0,0.33333333333333337
23,Vermögensteuer,"Brandenburg soll sich dafür einsetzen, dass die Vermögensteuer wieder erhoben wird.",1.0,1.0,0.33333333333333337
24,Verfolgung von Hasskriminalität,Die Polizei Brandenburg soll mehr Befugnisse zur Verfolgung von Hasskriminalität im Internet erhalten.,0.0,0.0,0.33333333333333337
25,Verwerfen der Klimaziele,"Brandenburg soll das Ziel verwerfen, klimaneutral zu werden.",1.0,1.0,1.0
26,Politische Bildung,Das Fach Politische Bildung soll an brandenburgischen Schulen gestärkt werden.,1.0,0.0,0.5
27,Sozialwohnungen für Deutsche,Sozialwohnungen sollen vorrangig an Deutsche vergeben werden.,1.0,1.0,1.0
28,Militärische Forschung,Brandenburgische Hochschulen sollen zu militärischen Zwecken forschen dürfen.,0.5,1.0,0.41666666666666663
29,Schwangerschaftsabbrüche,"Brandenburg soll sich dafür einsetzen, dass die gesetzlichen Regelungen für Schwangerschaftsabbrüche gelockert werden.",0.5,0.5,0.5
30,Zuständigkeit für Bildungspolitik,"Brandenburg soll sich dafür einsetzen, dass der Bund anstelle der Bundesländer für Bildungspolitik zuständig ist.",0.0,0.5,0.41666666666666663
31,Verdachtsunabhängige Personenkontrollen,Die Polizei in Brandenburg soll Personenkontrollen weiterhin verdachtsunabhängig durchführen können.,0.0,0.0,0.33333333333333337
32,Opfer der kommunistischen Diktatur,"In Brandenburg sollen weitere Gedenkstätten, die an Opfer der kommunistischen Diktatur erinnern, geschaffen werden.",1.0,1.0,1.0
33,Natürliche Entwicklung des Waldes,Weitere Teile des landeseigenen Waldes sollen der natürlichen Entwicklung überlassen werden.,0.5,1.0,0.41666666666666663
34,Frauenhäuser,Das Land Brandenburg soll Frauenhäuser stärker finanziell unterstützen.,1.0,1.0,1.0
35,Informations- und Bildungsangebote im RBB,In den Programmen des Rundfunks Berlin-Brandenburg (RBB) sollen Informations- und Bildungsangebote den überwiegenden Anteil ausmachen.,0.0,1.0,0.5
36,Anwerbung ausländischer Pflegefachkräfte,Brandenburg soll die Anwerbung ausländischer Pflegefachkräfte finanziell fördern.,1.0,1.0,1.0
37,Waffen für die Ukraine,"Brandenburg soll sich dafür einsetzen, dass Deutschland weiterhin Waffen an die Ukraine liefert.",0.5,1.0,0.41666666666666663
38,Ausstieg aus der Braunkohleverstromung,Brandenburg soll vor dem Jahr 2038 aus der Braunkohleverstromung aussteigen.,0.0,1.0,0.5
